Name,Tags,URL
,,https://ceshidao.com/how-to-get-magisk-working-on-pixel-2-xl/
,,https://www.cnblogs.com/sinferwu/p/7904279.html
,,https://blog.csdn.net/xing414736597/article/details/78693781
,,https://blog.csdn.net/belous_zxy/article/details/83090636
,,http://moxfive.coding.me/yelee/2.Basic-Usage/local-site-search.html
,,https://blog.csdn.net/qq_40987215/article/details/104722352
,,http://www.360doc.cn/article/36367108_647285758.html
,,https://zhuanlan.zhihu.com/p/48737419
,,https://blog.csdn.net/weixin_30693183/article/details/96511219
,,https://www.uso.cn/post/view/386
,,https://blog.csdn.net/qq_19605815/article/details/108571379
,,https://www.jianshu.com/p/edd4d932a997
,,https://m.linuxidc.com/Linux/2015-12/126690.htm
,,https://blog.csdn.net/lp1989119/article/details/45622225
,,https://blog.csdn.net/cyuyan112233/article/details/50366203
,,https://wenku.baidu.com/view/4c39ddd40c22590102029d54.html
,,https://wenku.baidu.com/view/8c814f92e53a580216fcfeb5.html
,,https://wenku.baidu.com/view/7c27766bfd0a79563d1e72b0.html
,,https://blog.csdn.net/cow825/article/details/78765024
,,https://blog.csdn.net/belous_zxy/article/details/83090636
,,https://bbs.eetop.cn/thread-868803-1-1.html?_dsign=c306d4ce
,,https://www.codenong.com/cs109698568/
,,https://www.right.com.cn/forum/thread-8165709-1-1.html
,,https://blog.csdn.net/ylxg12345/article/details/40382037
,,https://zhuanlan.zhihu.com/p/34598275
,,https://blog.51cto.com/13451715/2173548
,,https://blog.csdn.net/bwbjlt/article/details/44497831?utm_source=blogxgwz8
,,https://wiki.archlinux.org/index.php/Zsh_%28%E7%AE%80%E4%BD%93%E4%B8%AD%E6%96%87%29
,,http://linux.vbird.org/linux_basic/